scaffold	start	end	mid	sites	lnL
chr_W	17553	32023	24151	50	NA
chr_W	32029	48671	39861	50	NA
chr_W	48689	67963	56750	50	NA
chr_W	67996	92245	80288	50	-463.65913
chr_W	92414	134943	111885	50	-497.03821
chr_W	135052	152558	143245	50	-464.16405
chr_W	152969	168722	160885	50	-429.48839
chr_W	168723	197282	186027	50	-480.06975
chr_W	197365	222952	209023	50	-566.11834
chr_W	228347	313723	284881	50	-431.03208
chr_W	314239	323164	318536	50	NA
chr_W	323314	338389	330774	50	-591.31763
chr_W	338614	361037	348658	50	-514.06069
chr_W	361101	400356	378538	50	NA
chr_W	400392	451843	427862	50	NA
chr_W	452592	478961	466630	50	-478.40474
chr_W	479315	502174	489866	50	-485.46881
chr_W	502876	526367	517421	50	-505.37866
chr_W	526372	552277	538874	50	-506.91223
chr_W	552372	574269	565293	50	-502.31295
chr_W	574478	611023	589356	50	-538.97263
chr_W	611034	701532	668746	50	NA
chr_W	701550	728831	712840	50	-587.42638
chr_W	728850	757683	747931	50	-475.89982
chr_W	757999	781518	768252	50	-552.22232
chr_W	781659	802447	790346	50	NA
chr_W	802577	832276	819336	50	-473.60282
chr_W	832425	914100	860339	50	NA
chr_W	914518	930903	923973	50	NA
chr_W	933676	954393	946324	50	-506.58886
chr_W	954457	982771	973321	50	-590.09594
chr_W	982796	995288	988061	50	NA
chr_W	995457	1007118	1001373	50	-557.70560
chr_W	1007195	1021654	1015021	50	NA
chr_W	1022155	1034802	1028264	50	-444.41626
chr_W	1042098	1061036	1050593	50	NA
chr_W	1061553	1080021	1072082	50	-444.50399
chr_W	1080088	1096149	1089461	50	-454.66348
chr_W	1097132	1150851	1125921	50	-422.70650
chr_W	1150854	1190415	1176633	50	-479.26175
chr_W	1190436	1233546	1218730	50	NA
chr_W	1241683	1270513	1255712	50	-448.50053
chr_W	1270540	1326659	1291886	50	NA
chr_W	1337331	1428204	1399410	50	NA
chr_W	1428209	1484506	1462040	50	-506.39723
chr_W	1484567	1510563	1497984	50	-482.16117
chr_W	1523173	1615664	1588599	50	-432.41007
chr_W	1615685	1706946	1667657	50	-467.46049
chr_W	1707154	1717461	1713283	50	-384.48665
chr_W	1717525	1730804	1725279	50	-388.62453
chr_W	1730871	1748932	1741227	50	NA
chr_W	1748946	1780535	1767382	50	-436.17864
chr_W	1780547	1796629	1787113	50	-445.82400
chr_W	1797204	1818942	1807997	50	-428.56078
chr_W	1819684	1834559	1826321	50	-572.77171
chr_W	1839678	1862434	1853307	50	-464.67088
chr_W	1862503	1889422	1877358	50	-401.48552
chr_W	1890084	1902144	1895759	50	-407.39327
chr_W	1902240	1918481	1909789	50	-587.76316
chr_W	1918533	1931945	1924243	50	NA
chr_W	1932795	1945299	1938947	50	NA
chr_W	1945614	1967626	1959136	50	-484.37367
chr_W	1967646	2004998	1976504	50	-539.73535
chr_W	2005393	2022015	2014602	50	NA
chr_W	2022182	2032970	2026815	50	-480.09428
chr_W	2032977	2050975	2041363	50	-571.41978
chr_W	2051142	2112203	2078442	50	-545.10340
chr_W	2112623	2129127	2118201	50	NA
chr_W	2129420	2201481	2187016	50	NA
chr_W	2201600	2214156	2206086	50	NA
chr_W	2214162	2235488	2223888	50	-545.15984
chr_W	2235640	2287230	2245620	50	-444.25068
chr_W	2287477	2313023	2300527	50	NA
chr_W	2313198	2330592	2322955	50	NA
chr_W	2330656	2352083	2340494	50	-489.96713
chr_W	2352720	2378585	2365784	50	-467.39337
chr_W	2379638	2395009	2389618	50	-418.81194
chr_W	2395035	2411527	2404576	50	NA
chr_W	2411548	2418663	2414626	50	NA
chr_W	2418716	2428841	2423554	50	NA
chr_W	2429160	2447269	2436020	50	NA
chr_W	2447386	2478356	2459360	50	-426.56121
chr_W	2478580	2504553	2491555	50	-524.31274
chr_W	2504554	2519005	2511889	50	-600.64654
chr_W	2519023	2536017	2525626	50	-446.45440
chr_W	2536147	2554563	2540942	50	-479.30591
chr_W	2555888	2580845	2568175	50	NA
chr_W	2580855	2600739	2589248	50	-479.52713
chr_W	2604022	2620789	2615180	50	-431.76649
chr_W	2621213	2629017	2625747	50	-538.80975
chr_W	2629093	2647901	2638882	50	NA
chr_W	2647950	2671767	2656426	50	-498.27451
chr_W	2672436	2682050	2677323	50	NA
chr_W	2682165	2693867	2688511	50	-429.61384
chr_W	2694744	2704470	2699481	50	NA
chr_W	2704561	2724613	2713554	50	NA
chr_W	2724702	2750940	2742489	50	-525.70565
chr_W	2751078	2763378	2757065	50	NA
chr_W	2763513	2781463	2772086	50	NA
chr_W	2781488	2799777	2791843	50	NA
chr_W	2800446	2809648	2804412	50	NA
chr_W	2809701	2846018	2821453	50	NA
chr_W	2846464	3030712	2864185	50	-465.62811
chr_W	3030754	3057248	3039755	50	NA
chr_W	3057258	3091328	3077581	50	NA
chr_W	3091330	3142941	3111487	50	-590.65325
chr_W	3143080	3314913	3224755	50	NA
chr_W	3314973	3424000	3381576	50	-668.00944
chr_W	3428306	3461776	3444616	50	-596.43144
chr_W	3461851	3473330	3467386	50	NA
chr_W	3473347	3506105	3492979	50	NA
chr_W	3506231	3580257	3540441	50	NA
chr_W	3583259	3609721	3600579	50	NA
chr_W	3609755	3620436	3615494	50	NA
chr_W	3620611	3642029	3628461	50	NA
chr_W	3642711	3677546	3657874	50	NA
chr_W	3719176	3771182	3746951	50	NA
chr_W	3771300	3816186	3791976	50	NA
chr_W	3817400	3887093	3863883	50	-411.85408
chr_W	3887119	3908603	3902071	50	-433.15684
chr_W	3909051	3917196	3914275	50	NA
chr_W	3917200	3961363	3930142	50	-497.99801
chr_W	3961569	3986674	3972918	50	NA
chr_W	3987396	4001354	3994996	50	NA
chr_W	4002547	4012163	4008394	50	-448.58876
chr_W	4012288	4045680	4025703	50	NA
chr_W	4045703	4061232	4053399	50	NA
chr_W	4061537	4080272	4070079	50	NA
chr_W	4080396	4090550	4084488	50	NA
chr_W	4090594	4104638	4095807	50	-422.88463
chr_W	4105007	4121935	4112838	50	-445.79225
chr_W	4122304	4141925	4131561	50	NA
chr_W	4141997	4157426	4148823	50	-485.37019
chr_W	4158115	4178217	4168597	50	NA
chr_W	4178227	4197986	4190280	50	-468.63431
chr_W	4198018	4207226	4201813	50	-426.11016
chr_W	4207360	4216634	4211617	50	-474.06702
chr_W	4216636	4233793	4226016	50	-477.97699
chr_W	4233794	4245736	4239755	50	-426.69145
chr_W	4245829	4283885	4256395	50	NA
chr_W	4284181	4313880	4302680	50	NA
chr_W	4314008	4330835	4322320	50	NA
chr_W	4330998	4346478	4337824	50	-500.41518
chr_W	4346644	4358540	4352913	50	-441.95397
chr_W	4358666	4373099	4364784	50	NA
chr_W	4373124	4393155	4384684	50	NA
chr_W	4393353	4400320	4397366	50	-526.40986
chr_W	4400437	4462163	4427668	50	NA
chr_W	4462795	4489470	4477031	50	NA
chr_W	4489524	4497494	4493791	50	NA
chr_W	4497495	4522722	4507863	50	-462.69300
chr_W	4522915	4539039	4530387	50	-432.79827
chr_W	4539176	4552503	4545699	50	NA
chr_W	4552888	4577632	4564119	50	-551.77674
chr_W	4577888	4586763	4582442	50	NA
chr_W	4586790	4596701	4591924	50	-467.28334
chr_W	4597041	4609658	4603684	50	NA
chr_W	4609672	4636499	4619516	50	NA
chr_W	4636562	4680951	4664322	50	NA
chr_W	4681093	4693261	4686615	50	-447.67706
chr_W	4693268	4710000	4703195	50	-478.73705
chr_W	4710274	4722252	4716049	50	NA
chr_W	4722282	4730795	4726568	50	-461.04276
chr_W	4730844	4746818	4739146	50	-479.64587
chr_W	4746920	4771557	4759037	50	-403.28822
chr_W	4773040	4811491	4786887	50	-446.17908
chr_W	4812561	4849270	4841075	50	-499.14918
chr_W	4849314	4864849	4856320	50	-531.86291
chr_W	4864978	4880434	4872310	50	-543.96681
chr_W	4881347	4890701	4885951	50	NA
chr_W	4891160	4919403	4909058	50	NA
chr_W	4919412	4927721	4923042	50	NA
chr_W	4927798	4935062	4931256	50	-461.99565
chr_W	4935129	4948489	4941266	50	-531.38020
chr_W	4948494	4969643	4960903	50	-497.30624
chr_W	4970258	4991456	4977502	50	-491.59962
chr_W	4991601	5012195	5001964	50	-518.89651
chr_W	5012302	5031869	5019985	50	-431.45148
chr_W	5032079	5044455	5039042	50	-547.93202
chr_W	5045680	5074782	5057912	50	-436.49070
chr_W	5074794	5103127	5088199	50	-483.91536
chr_W	5103862	5135813	5120309	50	-427.98612
chr_W	5135844	5154746	5148511	50	-448.30363
chr_W	5154764	5174244	5162728	50	NA
chr_W	5174322	5200073	5186521	50	-549.26625
chr_W	5200334	5274807	5238600	50	NA
chr_W	5275701	5294218	5285123	50	-391.30262
chr_W	5296538	5322419	5307934	50	-439.02416
chr_W	5322860	5437644	5394770	50	-502.94660
chr_W	5437770	5471535	5445976	50	NA
chr_W	5471541	5583403	5524388	50	NA
chr_W	5583464	5617043	5608630	50	NA
chr_W	5617053	5637380	5628102	50	-397.20010
chr_W	5637410	5654283	5643952	50	-485.79782
chr_W	5654732	5673047	5664925	50	-499.28475
chr_W	5673220	5688101	5680032	50	-467.88307
chr_W	5688783	5756200	5738654	50	NA
chr_W	5756214	5765423	5760681	50	NA
chr_W	5766072	5789528	5779144	50	NA
chr_W	5789606	5820603	5801571	50	NA
chr_W	5820712	5830421	5826274	50	NA
chr_W	5830638	5852433	5842395	50	-429.19742
chr_W	5852566	5875927	5864321	50	NA
chr_W	5879145	5899908	5892238	50	-392.36177
chr_W	5900290	5922927	5912367	50	-420.10199
chr_W	5922950	5935769	5931223	50	NA
chr_W	5936010	5959297	5949828	50	NA
chr_W	5959367	5971301	5966605	50	NA
chr_W	5971549	5982102	5976694	50	NA
chr_W	5982280	5990048	5986408	50	-486.84315
chr_W	5990108	6005726	5997466	50	NA
chr_W	6005775	6064864	6040432	50	NA
chr_W	6065123	6086727	6078212	50	NA
chr_W	6086764	6108599	6096919	50	NA
chr_W	6108717	6124650	6118223	50	NA
chr_W	6124714	6138918	6132512	50	-489.10996
chr_W	6139604	6150306	6146281	50	NA
chr_W	6150349	6167469	6157347	50	NA
chr_W	6167704	6178216	6172976	50	-515.26841
chr_W	6178257	6186280	6181781	50	NA
chr_W	6186313	6196302	6190431	50	NA
chr_W	6196327	6209970	6204018	50	-540.79442
chr_W	6210740	6222003	6216370	50	-477.71618
chr_W	6222169	6235061	6226794	50	NA
chr_W	6235071	6248538	6241876	50	-406.27012
chr_W	6248597	6261884	6255692	50	-354.89361
chr_W	6262110	6271557	6267847	50	-485.41991
chr_W	6271558	6291049	6280124	50	-447.39540
chr_W	6291739	6318482	6304961	50	-408.44557
chr_W	6319730	6347567	6331581	50	-461.34596
chr_W	6347576	6375335	6361621	50	-497.69553
chr_W	6375491	6390998	6380343	50	NA
chr_W	6392578	6409988	6402455	50	-495.58347
chr_W	6410671	6420850	6414598	50	NA
chr_W	6421091	6432827	6425315	50	-492.46935
chr_W	6433363	6441370	6437310	50	-470.49350
chr_W	6441395	6501397	6485545	50	NA
chr_W	6501506	6510803	6506762	50	NA
chr_W	6510834	6538854	6522326	50	NA
chr_W	6539332	6573856	6553569	50	-510.67188
chr_W	6573954	6588721	6581132	50	NA
chr_W	6588722	6608544	6599047	50	-435.84796
chr_W	6608611	6631792	6616044	50	-469.98423
chr_W	6631992	6653075	6640202	50	NA
chr_W	6654702	6667209	6659389	50	NA
chr_W	6667256	6689546	6674917	50	NA
chr_W	6689749	6699768	6694407	50	NA
chr_W	6699816	6733941	6708354	50	NA
chr_W	6734118	6801546	6773387	50	-509.17899
chr_W	6801946	6814137	6807248	50	NA
chr_W	6815064	6854089	6829402	50	NA
chr_W	6854181	6865695	6858781	50	-461.08388
chr_W	6866130	6894051	6884695	50	NA
chr_W	6894360	6903914	6898898	50	-464.63279
chr_W	6904730	6921170	6913494	50	-506.14020
chr_W	6921712	6945309	6930815	50	NA
chr_W	6945490	6959486	6953243	50	NA
chr_W	6959504	6976252	6967685	50	NA
chr_W	6976438	7046237	7012234	50	NA
chr_W	7046245	7083415	7070875	50	NA
chr_W	7083987	7119497	7093676	50	NA
chr_W	7120289	7134987	7127278	50	NA
chr_W	7135199	7152970	7144650	50	-430.02388
chr_W	7153178	7160082	7156533	50	NA
chr_W	7160859	7187845	7168338	50	-472.00295
chr_W	7187898	7204576	7196649	50	NA
chr_W	7204771	7211693	7208439	50	NA
chr_W	7211811	7223481	7217173	50	NA
chr_W	7223609	7236909	7230506	50	-483.29378
chr_W	7237104	7258452	7245886	50	NA
chr_W	7258524	7363910	7334985	50	-434.90919
chr_W	7364031	7398181	7382189	50	NA
chr_W	7398216	7406774	7402265	50	NA
chr_W	7406777	7439063	7424558	50	NA
chr_W	7439080	7456222	7448980	50	NA
chr_W	7456240	7468716	7463021	50	-400.38498
chr_W	7469274	7478715	7473829	50	NA
chr_W	7478994	7497536	7488885	50	NA
chr_W	7497819	7506997	7501898	50	NA
chr_W	7507190	7526239	7514623	50	NA
chr_W	7527837	7540136	7533833	50	-457.35363
chr_W	7541159	7555185	7546747	50	NA
chr_W	7555186	7565645	7560712	50	-458.94563
chr_W	7565655	7577224	7571099	50	-521.51092
chr_W	7577452	7602830	7590311	50	-445.23670
chr_W	7603380	7618312	7610465	50	-569.14339
chr_W	7618356	7630603	7625543	50	NA
chr_W	7630805	7641312	7636077	50	NA
chr_W	7641340	7652295	7647180	50	NA
chr_W	7653360	7671462	7660175	50	-449.45814
chr_W	7672307	7691027	7681328	50	-437.49963
chr_W	7691056	7701825	7695602	50	-466.75330
chr_W	7701904	7731082	7720851	50	-532.18250
chr_W	7731095	7745056	7737369	50	-452.70369
chr_W	7745060	7775525	7764977	50	-473.48431
chr_W	7775824	7787583	7782622	50	-450.34444
chr_W	7787639	7815929	7804885	50	NA
chr_W	7816653	7861818	7829568	50	-467.16250
chr_W	7861844	7898364	7878477	50	-534.40755
chr_W	7898704	7909774	7905040	50	-494.48964
chr_W	7910381	7924579	7918598	50	-441.75604
chr_W	7925317	7942119	7932931	50	-417.46865
chr_W	7942297	7959501	7950637	50	-442.28175
chr_W	7959531	7995224	7976015	50	-413.15774
chr_W	7995251	8009338	8002990	50	-406.07706
chr_W	8009370	8043595	8029665	50	NA
chr_W	8043665	8083306	8073689	50	-485.06662
chr_W	8083349	8096265	8089942	50	NA
chr_W	8096283	8109247	8104237	50	NA
chr_W	8109492	8124531	8116952	50	NA
chr_W	8125127	8135023	8129976	50	-425.44811
chr_W	8135128	8147619	8141268	50	NA
chr_W	8147652	8160514	8154646	50	-473.15363
chr_W	8160690	8177434	8168727	50	NA
chr_W	8177549	8184465	8181041	50	NA
chr_W	8184535	8197549	8191341	50	-469.69738
chr_W	8197946	8208916	8202597	50	NA
chr_W	8208944	8217489	8214095	50	NA
chr_W	8217541	8228659	8223862	50	-377.08855
chr_W	8228676	8242763	8233913	50	NA
chr_W	8242767	8256833	8249232	50	-434.50520
chr_W	8256838	8273611	8266075	50	NA
chr_W	8273629	8284847	8278374	50	-534.77456
chr_W	8284912	8337708	8314465	50	-440.57411
chr_W	8337860	8407010	8379907	50	-437.62239
chr_W	8407084	8417234	8413187	50	NA
chr_W	8418200	8437715	8430479	50	NA
chr_W	8437889	8448202	8442588	50	-493.93652
chr_W	8448339	8460295	8455542	50	NA
chr_W	8460377	8471119	8465529	50	-480.29048
chr_W	8471153	8488617	8479340	50	NA
chr_W	8488853	8499401	8493814	50	NA
chr_W	8499443	8517366	8509313	50	-483.07213
chr_W	8517367	8536762	8526072	50	NA
chr_W	8536838	8559284	8551895	50	-434.52973
chr_W	8559291	8566671	8563205	50	NA
chr_W	8566701	8585999	8575579	50	NA
chr_W	8586081	8606422	8595458	50	-563.29724
chr_W	8606736	8624142	8616778	50	NA
chr_W	8625576	8635708	8631767	50	-566.94503
chr_W	8635743	8651873	8644919	50	-464.63137
chr_W	8651966	8676481	8667298	50	-525.77044
chr_W	8676662	8692900	8685814	50	-560.69811
chr_W	8692976	8706548	8700022	50	-466.23839
chr_W	8707912	8719420	8713818	50	-396.56582
chr_W	8719464	8750703	8732636	50	-526.98603
chr_W	8750714	8758426	8754253	50	NA
chr_W	8758468	8767802	8763045	50	NA
chr_W	8767958	8780078	8773400	50	-467.67930
chr_W	8780290	8791281	8784551	50	-499.21350
chr_W	8791892	8814600	8804589	50	NA
chr_W	8814601	8832250	8827866	50	NA
chr_W	8832688	8866158	8841699	50	NA
chr_W	8866240	8896906	8882482	50	-457.12134
chr_W	8896960	8916464	8907582	50	-459.72721
chr_W	8916560	8950657	8929911	50	-448.13090
chr_W	8950693	8969011	8956458	50	-440.55079
chr_W	8969167	8984327	8976452	50	NA
chr_W	8984539	9009621	8996277	50	NA
chr_W	9010496	9027744	9019214	50	NA
chr_W	9027770	9037327	9032845	50	NA
chr_W	9037457	9062468	9046545	50	NA
chr_W	9062656	9075807	9068778	50	NA
chr_W	9080648	9092912	9086265	50	NA
chr_W	9093190	9103610	9098910	50	-411.56164
chr_W	9103851	9115415	9109971	50	NA
chr_W	9115464	9125135	9121254	50	-429.51915
chr_W	9125137	9140582	9133791	50	-444.39860
chr_W	9140689	9155228	9148323	50	NA
chr_W	9155567	9167794	9161234	50	NA
chr_W	9167831	9192046	9176627	50	-442.63057
chr_W	9192464	9203855	9198132	50	NA
chr_W	9204166	9212984	9208756	50	NA
chr_W	9213103	9236132	9224014	50	NA
chr_W	9236211	9248302	9242045	50	-491.82237
chr_W	9248391	9268588	9256496	50	NA
chr_W	9269132	9285231	9277374	50	NA
chr_W	9285301	9298940	9293184	50	NA
chr_W	9299907	9313357	9306724	50	-469.90095
chr_W	9313444	9323718	9318382	50	NA
chr_W	9323986	9347905	9332983	50	NA
chr_W	9347943	9363049	9355147	50	NA
chr_W	9363129	9374509	9368328	50	-562.49552
chr_W	9374600	9395793	9383890	50	NA
chr_W	9396124	9410012	9401651	50	NA
chr_W	9410872	9426021	9419528	50	NA
chr_W	9428495	9455020	9439654	50	-508.31589
chr_W	9455097	9465873	9460444	50	-418.62222
chr_W	9465890	9472343	9469569	50	NA
chr_W	9472584	9500598	9487591	50	-500.85194
chr_W	9500751	9513089	9505903	50	NA
chr_W	9513218	9529314	9520820	50	NA
chr_W	9529482	9541408	9536097	50	NA
chr_W	9541599	9552101	9546632	50	NA
chr_W	9552121	9563264	9557628	50	NA
chr_W	9563718	9572145	9567043	50	NA
chr_W	9572163	9587509	9579091	50	-507.44613
chr_W	9587627	9606265	9599908	50	NA
chr_W	9606284	9656969	9637776	50	NA
chr_W	9657324	9693267	9669940	50	NA
chr_W	9693388	9709688	9704152	50	NA
chr_W	9711522	9726554	9719339	50	NA
chr_W	9726655	9737019	9732245	50	NA
chr_W	9737094	9751333	9744880	50	-540.83079
chr_W	9752274	9811382	9774441	50	-488.50626
chr_W	9811682	9831575	9821006	50	-498.80078
chr_W	9831662	9864135	9843582	50	-450.16640
chr_W	9864137	9872167	9868279	50	NA
chr_W	9872235	9881455	9876259	50	-478.89986
chr_W	9882839	9898718	9893046	50	-432.76082
chr_W	9898941	9915369	9907543	50	-488.60709
chr_W	9915862	9937945	9927456	50	NA
chr_W	9938077	9946478	9942043	50	NA
chr_W	9946529	9960655	9954772	50	NA
chr_W	9960669	9979665	9969351	50	NA
chr_W	9979869	10154593	10086981	50	NA
chr_W	10154681	10163816	10158857	50	NA
chr_W	10164521	10170421	10167664	50	NA
chr_W	10170585	10191741	10182692	50	NA
chr_W	10191768	10218105	10209851	50	-515.49354
chr_W	10218113	10233975	10226189	50	NA
chr_W	10234111	10250342	10242510	50	-454.25547
chr_W	10250349	10271813	10263135	50	-428.15765
chr_W	10272092	10293959	10278100	50	NA
chr_W	10293989	10305881	10300490	50	NA
chr_W	10306231	10317472	10311571	50	NA
chr_W	10317638	10329755	10323478	50	-481.76868
chr_W	10329843	10343200	10337604	50	-437.70161
chr_W	10343301	10358156	10350135	50	NA
chr_W	10358316	10388389	10369550	50	NA
chr_W	10388487	10401239	10393459	50	-455.68856
chr_W	10401635	10413035	10407226	50	NA
chr_W	10413036	10433040	10421134	50	-462.76325
chr_W	10433087	10456446	10446883	50	NA
chr_W	10456468	10472305	10465368	50	NA
chr_W	10473043	10492886	10484170	50	NA
chr_W	10493298	10507327	10501233	50	-466.19825
chr_W	10507340	10517748	10512072	50	-421.32533
chr_W	10517752	10535081	10526411	50	NA
chr_W	10535164	10556883	10549258	50	NA
chr_W	10557011	10589594	10571526	50	NA
chr_W	10589800	10603457	10596202	50	NA
chr_W	10603559	10614773	10609438	50	-538.01480
chr_W	10615121	10631981	10622491	50	-428.01584
chr_W	10632827	10654650	10645700	50	-450.20723
chr_W	10655392	10680016	10661025	50	-365.30541
chr_W	10680253	10719557	10697372	50	-538.98298
chr_W	10719639	10734242	10727794	50	-477.01868
chr_W	10734543	10751058	10743978	50	NA
chr_W	10751117	10770715	10763186	50	-458.32633
chr_W	10771295	10782418	10777340	50	-481.99665
chr_W	10782516	10802739	10794218	50	NA
chr_W	10803371	10811411	10807411	50	NA
chr_W	10812122	10822567	10815827	50	-445.21837
chr_W	10822786	10835685	10828975	50	-383.11988
chr_W	10835691	10908236	10892705	50	-470.48870
chr_W	10908271	10925007	10913422	50	-446.12650
chr_W	10925602	10935768	10930687	50	-522.56254
chr_W	10937497	10951750	10944984	50	-506.25335
chr_W	10951818	10968723	10960095	50	-430.77713
chr_W	10968725	10983289	10976905	50	-476.22535
chr_W	10983849	11004621	10996382	50	-388.31169
chr_W	11004668	11016999	11010708	50	NA
chr_W	11018566	11028291	11022994	50	-525.88424
chr_W	11028813	11078236	11039036	50	-539.34194
chr_W	11078245	11143969	11096401	50	-481.34475
chr_W	11143973	11214603	11204146	50	NA
chr_W	11214824	11228010	11220577	50	NA
chr_W	11228112	11236685	11232313	50	NA
chr_W	11236690	11247576	11242110	50	-510.80000
chr_W	11247577	11269322	11260188	50	-467.08367
chr_W	11269519	11280340	11274662	50	-427.72690
chr_W	11280721	11296761	11290354	50	-421.91022
chr_W	11296856	11313207	11305220	50	-481.36651
chr_W	11313282	11325840	11320175	50	-411.63606
chr_W	11326231	11351990	11337601	50	-405.85437
chr_W	11352501	11362534	11357346	50	-481.99706
chr_W	11363007	11383806	11374612	50	-421.41595
chr_W	11383845	11393195	11387340	50	NA
chr_W	11394342	11411684	11402939	50	NA
chr_W	11412502	11420494	11416752	50	-457.77960
chr_W	11420963	11434548	11427772	50	NA
chr_W	11434904	11447759	11442387	50	NA
chr_W	11447922	11470910	11461077	50	NA
chr_W	11471267	11490802	11481028	50	NA
chr_W	11490861	11503131	11496086	50	NA
chr_W	11503196	11517477	11509678	50	NA
chr_W	11517575	11526939	11522015	50	NA
chr_W	11527408	11544985	11535952	50	-455.09749
chr_W	11545685	11562049	11552738	50	NA
chr_W	11562740	11577854	11570069	50	-463.28920
chr_W	11577892	11611369	11586165	50	-449.35801
chr_W	11611584	11640427	11627735	50	-391.38763
chr_W	11640778	11652137	11647023	50	NA
chr_W	11653592	11688014	11673624	50	-453.96065
chr_W	11688530	11706610	11699072	50	-357.23496
chr_W	11706691	11717578	11712910	50	-540.08294
chr_W	11717676	11749391	11738446	50	NA
chr_W	11749425	11771657	11763969	50	NA
chr_W	11771778	11782519	11776185	50	NA
chr_W	11782550	11794371	11788400	50	NA
chr_W	11794798	11831260	11809000	50	NA
chr_W	11831626	11844501	11837697	50	NA
chr_W	11844671	11857966	11851263	50	NA
chr_W	11857978	11873139	11865398	50	NA
chr_W	11873166	11889220	11880796	50	NA
chr_W	11896611	11910477	11904227	50	NA
chr_W	11910488	11951482	11932129	50	NA
chr_W	11951688	11977754	11970192	50	NA
chr_W	11977760	11999168	11986579	50	-452.95889
chr_W	12000052	12016481	12010110	50	-486.49783
chr_W	12016554	12027890	12022146	50	NA
chr_W	12027997	12034363	12031451	50	NA
chr_W	12034403	12048441	12040365	50	NA
chr_W	12048861	12080067	12060899	50	NA
chr_W	12080767	12089430	12085833	50	NA
chr_W	12090161	12108094	12100848	50	NA
chr_W	12108443	12134964	12119270	50	NA
chr_W	12136453	12167725	12152730	50	NA
chr_W	12167756	12188191	12177134	50	NA
chr_W	12188426	12198361	12193406	50	NA
chr_W	12198481	12262138	12221910	50	NA
chr_W	12262928	12342242	12303191	50	-557.65741
chr_W	12342300	12351823	12347141	50	-560.85689
chr_W	12351919	12384146	12363403	50	NA
chr_W	12384563	12397126	12389624	50	-437.22726
chr_W	12397173	12407885	12402667	50	NA
chr_W	12407890	12420965	12413858	50	-454.56930
chr_W	12421404	12431886	12427426	50	NA
chr_W	12432132	12605577	12532252	50	-505.41947
chr_W	12605669	12646496	12617755	50	-406.84956
chr_W	12646811	12676655	12655475	50	-449.95602
chr_W	12676778	12683617	12680182	50	-426.97288
chr_W	12683671	12698334	12690543	50	NA
chr_W	12698854	12712062	12703141	50	NA
chr_W	12712127	12728821	12719121	50	NA
chr_W	12729450	12755056	12739009	50	NA
chr_W	12755420	12780053	12766775	50	-424.07002
chr_W	12780102	12814312	12798547	50	-437.98153
chr_W	12814410	12824357	12819771	50	-433.42332
chr_W	12825076	12837045	12830165	50	-483.66634
chr_W	12837243	12846125	12841484	50	-478.81653
chr_W	12846346	12860941	12854377	50	-446.90930
chr_W	12861477	12893996	12877937	50	-668.48464
chr_W	12894130	12917361	12907268	50	NA
chr_W	12917364	12934441	12923611	50	-526.36315
chr_W	12934978	12951267	12941913	50	-519.45249
chr_W	12951277	12962604	12956405	50	NA
chr_W	12962630	12974587	12969964	50	NA
chr_W	12975303	12986166	12979873	50	NA
chr_W	12986268	13001381	12993806	50	NA
chr_W	13001383	13009632	13005283	50	-531.75922
chr_W	13009848	13017139	13013383	50	-481.04020
chr_W	13017182	13046916	13032168	50	-494.25756
chr_W	13047055	13060334	13053182	50	-414.47777
chr_W	13060422	13079715	13067527	50	NA
chr_W	13079875	13094571	13087823	50	-416.91201
chr_W	13095949	13154180	13124754	50	-466.53391
chr_W	13154871	13176702	13163694	50	-518.61616
chr_W	13177419	13198326	13186415	50	NA
chr_W	13200066	13213729	13205415	50	-461.41570
chr_W	13213773	13237840	13227420	50	-513.07064
chr_W	13238173	13252966	13245888	50	NA
chr_W	13253133	13270720	13260189	50	-507.80348
chr_W	13271063	13286144	13279668	50	-489.74532
chr_W	13286225	13302621	13294300	50	-423.28106
chr_W	13302630	13317576	13310609	50	NA
chr_W	13317581	13326596	13322206	50	NA
chr_W	13326691	13341582	13331028	50	-483.29817
chr_W	13341598	13357222	13349551	50	NA
chr_W	13358380	13370242	13366173	50	NA
chr_W	13370257	13388821	13381229	50	NA
chr_W	13388944	13403676	13395634	50	-435.98024
chr_W	13403689	13419229	13411778	50	NA
chr_W	13419271	13426868	13422498	50	NA
chr_W	13428069	13437295	13432254	50	NA
chr_W	13438485	13462244	13451781	50	NA
chr_W	13462609	13487720	13471148	50	-570.41589
chr_W	13487958	13529409	13510081	50	NA
chr_W	13529489	13545746	13539502	50	NA
chr_W	13545958	13564369	13553619	50	NA
chr_W	13564393	13577935	13571094	50	NA
chr_W	13578435	13606640	13596241	50	NA
chr_W	13606790	13623553	13613401	50	-407.68513
chr_W	13626561	13640418	13633752	50	-432.07302
chr_W	13640459	13647885	13644446	50	NA
chr_W	13648050	13660793	13653964	50	NA
chr_W	13661079	13678315	13670299	50	-470.83757
chr_W	13678411	13790709	13739659	50	NA
chr_W	13790727	13802319	13797275	50	NA
chr_W	13802476	13820464	13809605	50	-470.46055
chr_W	13825226	13843510	13833504	50	-516.84217
chr_W	13846580	13942971	13897657	50	-409.58531
chr_W	13943175	13995930	13958014	50	-514.28126
chr_W	13996029	14015095	14004503	50	NA
chr_W	14015132	14026467	14020892	50	-499.30680
chr_W	14026571	14032840	14029861	50	NA
chr_W	14032864	14043461	14038366	50	-482.53703
chr_W	14043711	14074518	14050800	50	-419.17513
chr_W	14075272	14118290	14108049	50	NA
chr_W	14118404	14124304	14121136	50	-416.15066
chr_W	14124361	14136918	14129136	50	NA
chr_W	14138180	14150569	14143841	50	NA
chr_W	14151038	14168288	14158603	50	NA
chr_W	14169003	14194083	14181089	50	-421.93596
chr_W	14194164	14211492	14201020	50	-415.96499
chr_W	14211733	14235697	14222179	50	NA
chr_W	14235719	14248093	14242286	50	-449.46536
chr_W	14248204	14260678	14253669	50	-485.63006
chr_W	14260702	14275383	14267626	50	-450.85166
chr_W	14275391	14295263	14285457	50	-532.30518
chr_W	14295950	14313506	14306803	50	-441.56691
chr_W	14313737	14327071	14319694	50	-469.32137
chr_W	14327209	14336761	14331869	50	NA
chr_W	14336813	14623179	14586581	50	NA
chr_W	14623227	14639459	14632465	50	NA
chr_W	14639479	14652979	14648435	50	NA
chr_W	14653136	14663066	14658842	50	-434.25049
chr_W	14663349	14681690	14671531	50	-456.30083
chr_W	14681775	14699997	14686339	50	-476.61898
chr_W	14700098	14711774	14707138	50	NA
chr_W	14711778	14725344	14719691	50	NA
chr_W	14725641	14738412	14732189	50	-477.00910
chr_W	14738885	14753263	14746730	50	NA
chr_W	14753445	14765957	14759558	50	-438.10484
chr_W	14766334	14798085	14783766	50	NA
chr_W	14798860	14806561	14802204	50	NA
chr_W	14806613	14817243	14811813	50	NA
chr_W	14817574	14838360	14828439	50	NA
chr_W	14838553	14851193	14844798	50	NA
chr_W	14851368	14865615	14859549	50	NA
chr_W	14865616	14882104	14872539	50	NA
chr_W	14882136	14895067	14888306	50	-425.52451
chr_W	14895209	14905126	14900807	50	NA
chr_W	14905330	14923597	14911583	50	NA
chr_W	14923637	14936824	14930337	50	-429.86514
chr_W	14938442	14961051	14951976	50	NA
chr_W	14961254	14986354	14975357	50	NA
chr_W	14986384	14997504	14992318	50	NA
chr_W	14998485	15014203	15007514	50	NA
chr_W	15014349	15025115	15019596	50	NA
chr_W	15025703	15035590	15030224	50	NA
chr_W	15035648	15050801	15042306	50	NA
chr_W	15050933	15064435	15057562	50	NA
chr_W	15064462	15075130	15068407	50	NA
chr_W	15075352	15092540	15082715	50	-398.61140
chr_W	15093640	15140921	15115074	50	-439.51102
chr_W	15141073	15155180	15147204	50	NA
chr_W	15155336	15221652	15190410	50	-447.15628
chr_W	15221752	15234028	15227343	50	-510.55635
chr_W	15234234	15240737	15237160	50	-479.92251
chr_W	15241060	15253130	15247664	50	-491.72313
chr_W	15253149	15264146	15257997	50	-431.64494
chr_W	15264225	15281511	15271749	50	NA
chr_W	15281522	15294745	15289036	50	NA
chr_W	15294753	15310183	15301657	50	-409.63937
chr_W	15310293	15331337	15317622	50	-450.19689
chr_W	15331496	15339467	15336310	50	NA
chr_W	15339720	15352675	15346602	50	NA
chr_W	15352687	15359639	15356292	50	-458.41024
chr_W	15359728	15377750	15371724	50	NA
chr_W	15377771	15390206	15385501	50	NA
chr_W	15391903	15429450	15408600	50	-407.50330
chr_W	15432013	15459916	15446433	50	-453.76487
chr_W	15460255	15479890	15470165	50	-495.65049
chr_W	15480376	15507001	15492039	50	-480.95075
chr_W	15507242	15544325	15524946	50	NA
chr_W	15544511	15582629	15565303	50	-477.94613
chr_W	15582708	15598075	15590460	50	-488.92468
chr_W	15598171	15624530	15608134	50	-461.07056
chr_W	15624783	15666590	15647368	50	NA
chr_W	15666829	15684445	15676413	50	-430.14143
chr_W	15685157	15704444	15696364	50	NA
chr_W	15704597	15750286	15713026	50	NA
chr_W	15750519	15763802	15756832	50	NA
chr_W	15763803	15775209	15769639	50	NA
chr_W	15775228	15786955	15780998	50	NA
chr_W	15787154	15809412	15799835	50	NA
chr_W	15809455	15828947	15820438	50	NA
chr_W	15829172	15850917	15844119	50	NA
chr_W	15850963	15866076	15858099	50	NA
chr_W	15866085	15878800	15872505	50	-459.57014
chr_W	15879072	15903345	15893000	50	-416.27541
chr_W	15903881	15922126	15913343	50	NA
chr_W	15922164	15945479	15934728	50	-481.46049
chr_W	15945610	15966260	15954239	50	-459.64183
chr_W	15966627	15979796	15972834	50	NA
chr_W	15980201	15996835	15985950	50	-406.51118
chr_W	15997049	16019531	16008137	50	-491.98595
chr_W	16020251	16033851	16028244	50	-473.57897
chr_W	16034382	16057486	16043590	50	-446.30121
chr_W	16057487	16073889	16066931	50	-486.91233
chr_W	16073955	16089022	16081693	50	-489.13740
chr_W	16089141	16101658	16095625	50	-356.84374
chr_W	16102259	16114169	16107062	50	NA
chr_W	16114526	16122251	16117938	50	NA
chr_W	16122543	16129588	16125489	50	-609.27058
chr_W	16129597	16149571	16140280	50	NA
chr_W	16149770	16214599	16190391	50	NA
chr_W	16214647	16226797	16219909	50	NA
chr_W	16226842	16255925	16240526	50	NA
chr_W	16256013	16288299	16273604	50	NA
chr_W	16288332	16320714	16301857	50	NA
chr_W	16320740	16331256	16324911	50	NA
chr_W	16331381	16341702	16335452	50	NA
chr_W	16341731	16352192	16347962	50	-478.87258
chr_W	16352248	16375260	16361043	50	-476.55013
chr_W	16375288	16389542	16383265	50	-403.47431
chr_W	16390364	16406205	16397003	50	-468.41468
chr_W	16406464	16420042	16411363	50	-412.37713
chr_W	16420060	16455081	16436591	50	-430.95286
chr_W	16455116	16466807	16462430	50	NA
chr_W	16467255	16476722	16472092	50	NA
chr_W	16476842	16484462	16480960	50	-436.59646
chr_W	16485117	16697164	16586471	50	-510.12542
chr_W	16697291	16753868	16733251	50	-422.78405
chr_W	16754560	16785587	16769230	50	-438.72908
chr_W	16786315	16799943	16793611	50	-461.46029
chr_W	16800081	16813186	16806561	50	-444.13790
chr_W	16813854	16833982	16826673	50	-433.36463
chr_W	16834151	16851720	16842622	50	NA
chr_W	16854682	16878782	16870013	50	NA
chr_W	16878847	16896102	16888147	50	-400.15451
chr_W	16896103	16907153	16901081	50	-470.98719
chr_W	16907187	16920516	16914080	50	NA
chr_W	16922122	17003450	16969544	50	-803.56081
chr_W	17003468	17039195	17027384	50	-701.35762
chr_W	17039262	18758451	18402740	50	NA
chr_W	18798717	18866725	18834086	50	-730.59337
chr_W	18868524	18897083	18884421	50	-724.94949
chr_W	18898176	18928598	18918364	50	NA
chr_W	18928599	18947437	18939058	50	NA
chr_W	18947553	18964064	18955295	50	NA
chr_W	18964089	18976593	18969226	50	NA
chr_W	18976947	18997925	18985620	50	NA
chr_W	18998084	19069787	19040169	50	NA
chr_W	19070810	19094080	19086442	50	-438.33212
chr_W	19094081	19203990	19122885	50	NA
chr_W	19204231	19228651	19219017	50	NA
chr_W	19228663	19241032	19235387	50	NA
chr_W	19241386	19272875	19265363	50	-436.45416
chr_W	19272979	19292321	19281654	50	NA
chr_W	19293057	19316094	19304958	50	NA
chr_W	19316233	19330609	19322767	50	NA
chr_W	19334797	19352143	19343972	50	-433.35320
chr_W	19352420	19373172	19362764	50	-487.35130
chr_W	19373623	19395194	19386822	50	-465.11028
chr_W	19395884	19413450	19405962	50	-420.20174
chr_W	19413574	19444841	19429656	50	-445.83255
chr_W	19444958	19460934	19452806	50	NA
chr_W	19460936	19475180	19468269	50	-449.13645
chr_W	19475609	19488852	19483642	50	NA
chr_W	19488917	19500293	19494550	50	NA
chr_W	19500344	19516117	19508245	50	NA
chr_W	19516244	19536958	19527945	50	-414.75311
chr_W	19537205	19822130	19637490	50	-399.48146
chr_W	19822943	19882257	19836789	50	-465.38619
chr_W	19882313	19895024	19889045	50	-396.83581
chr_W	19895897	19933264	19922829	50	-507.76613
chr_W	19933268	19943966	19938010	50	-502.32016
chr_W	19944152	19955352	19950626	50	-405.43812
chr_W	19955591	19969092	19961530	50	-500.20512
chr_W	19969229	19990351	19978561	50	NA
chr_W	19990361	20001827	19996870	50	-404.74761
chr_W	20003903	20018555	20010906	50	NA
chr_W	20018568	20050521	20032257	50	-448.92657
chr_W	20050709	20064673	20058743	50	-443.21053
chr_W	20064828	20080416	20073053	50	-459.05452
chr_W	20080810	20126024	20097408	50	-483.59788
chr_W	20126083	20151828	20136825	50	NA
chr_W	20152075	20162490	20157113	50	-455.71626
chr_W	20162567	20171957	20167334	50	NA
chr_W	20172202	20189865	20181813	50	NA
chr_W	20189919	20200121	20195446	50	-462.88684
chr_W	20200360	20213925	20206160	50	-448.68705
chr_W	20214023	20223655	20219061	50	-577.03063
chr_W	20223735	20237441	20232313	50	-531.53979
chr_W	20237481	20249108	20243491	50	-465.13128
chr_W	20249327	20285298	20262445	50	-421.28080
chr_W	20285704	20293515	20290649	50	NA
chr_W	20293914	20304794	20298548	50	-531.82285
chr_W	20304800	20312495	20308880	50	NA
chr_W	20312514	20321242	20316778	50	-589.09075
chr_W	20322534	20335038	20330597	50	-488.00555
chr_W	20335413	20375819	20345318	50	NA
chr_W	20376093	20389525	20381004	50	-435.71029
chr_W	20389883	20448758	20409193	50	-537.71448
chr_W	20452790	20468548	20461208	50	-500.34472
chr_W	20468555	20487546	20479624	50	-440.32095
chr_W	20487621	20501935	20493300	50	-523.84429
chr_W	20502146	20518275	20508530	50	-410.59161
chr_W	20518316	20528059	20522720	50	NA
chr_W	20528196	20537792	20531953	50	-517.10097
chr_W	20537806	20588834	20568393	50	NA
chr_W	20589163	20604324	20598478	50	NA
chr_W	20608236	20615885	20612774	50	-465.38469
chr_W	20616691	20627427	20623138	50	NA
chr_W	20627476	20655880	20635046	50	NA
chr_W	20656186	20672705	20665865	50	NA
chr_W	20672992	20686358	20680265	50	NA
chr_W	20686531	20699398	20692750	50	NA
chr_W	20699802	20722649	20712501	50	NA
chr_W	20723001	20741994	20735853	50	NA
chr_W	20742064	20757457	20749721	50	-482.19380
chr_W	20757458	20764510	20760303	50	NA
chr_W	20764525	20775909	20770865	50	NA
chr_W	20776099	20797811	20784590	50	NA
chr_W	20798015	20805823	20801664	50	-441.12896
chr_W	20805909	20815091	20810095	50	-425.69996
chr_W	20815148	20835200	20826538	50	NA
chr_W	20835282	20844554	20839937	50	-439.99644
chr_W	20844665	20853089	20848752	50	NA
chr_W	20853199	20862282	20858052	50	NA
chr_W	20862395	20871772	20867389	50	NA
chr_W	20871785	20894618	20880157	50	-526.87347
chr_W	20894681	20906162	20899933	50	NA
chr_W	20906262	20912720	20909166	50	NA
chr_W	20912791	20920787	20916663	50	NA
chr_W	20921020	20927577	20924606	50	NA
chr_W	20927585	20935475	20930827	50	NA
chr_W	20935490	20945151	20939933	50	-439.28992
chr_W	20945197	20965522	20953730	50	NA
chr_W	20966522	20979149	20972727	50	-381.35028
chr_W	20979290	20992619	20985594	50	NA
chr_W	20992779	21008266	20998428	50	NA
chr_W	21008638	21017018	21012586	50	NA
chr_W	21017150	21026390	21021832	50	NA
chr_W	21026531	21175745	21122168	50	NA
chr_W	21175938	21184712	21180702	50	-525.08158
chr_W	21185038	21198247	21191168	50	NA
chr_W	21198326	21210468	21204417	50	NA
chr_W	21210911	21226168	21216235	50	NA
chr_W	21226170	21238654	21232186	50	NA
chr_W	21238728	21263553	21249396	50	-412.32337
chr_W	21263674	21272735	21268530	50	-376.22716
chr_W	21272822	21285493	21277977	50	NA
chr_W	21285559	21317693	21301592	50	-639.11339
chr_W	21317835	21338739	21329081	50	NA
chr_W	21338759	21365992	21356314	50	-649.79267
chr_W	21366135	21389463	21375389	50	-745.04157
chr_W	21390414	21416698	21400191	50	-851.49422
chr_W	21419866	21479165	21444416	50	-648.27876
chr_W	21479298	21619904	21539840	50	-533.78647
chr_W	21619925	21653671	21646484	50	-423.97453
chr_W	21653673	21669596	21663095	50	NA
chr_W	21669681	21692707	21679642	50	NA
chr_W	21692859	21705039	21700160	50	NA
chr_W	21705266	21722910	21711666	50	NA
chr_W	21723141	21925022	21868637	50	-463.49840
chr_W	21925241	21951081	21934568	50	-483.52185
chr_W	21951182	21964953	21959224	50	-497.03024
chr_W	21965143	21975924	21972150	50	-506.74614
chr_W	21976748	21996846	21986266	50	-494.19243
chr_W	21996950	22015123	22003944	50	-453.71324
chr_W	22015264	22044795	22036073	50	-449.72719
chr_W	22045355	22053669	22049901	29	NA
